{"cameraMode":{"drawMode":0,"name":"Shaded","section":"Shading Mode"},"sceneLighting":true,"audioPlay":false,"sceneViewState":{"showFog":true,"showMaterialUpdate":false,"showSkybox":true,"showFlares":true,"showImageEffects":true,"showParticleSystems":true},"in2DMode":false,"pivot":{"x":14.180278778076172,"y":4.9598493576049809,"z":13.73483943939209},"rotation":{"x":-0.18249022960662843,"y":-0.45267391204833987,"z":0.09521524608135224,"w":-0.8675931096076965},"size":25.693185806274415,"orthographic":false}