{"cameraMode":{"drawMode":0,"name":"Shaded","section":"Shading Mode"},"sceneLighting":false,"audioPlay":false,"sceneViewState":{"showFog":true,"showMaterialUpdate":false,"showSkybox":true,"showFlares":true,"showImageEffects":true,"showParticleSystems":true},"in2DMode":false,"pivot":{"x":11.501238822937012,"y":-7.149314880371094,"z":19.54192352294922},"rotation":{"x":-0.018448079004883767,"y":0.9231352210044861,"z":-0.38142839074134829,"w":-0.04464814066886902},"size":66.07569885253906,"orthographic":false}