{"cameraMode":{"drawMode":0,"name":"Shaded","section":"Shading Mode"},"sceneLighting":true,"audioPlay":false,"sceneViewState":{"showFog":true,"showMaterialUpdate":false,"showSkybox":true,"showFlares":true,"showImageEffects":true,"showParticleSystems":true},"in2DMode":false,"pivot":{"x":17.48704719543457,"y":-30.28241729736328,"z":81.04425048828125},"rotation":{"x":0.20730656385421754,"y":0.003237521043047309,"z":-0.0006857436965219677,"w":0.978270411491394},"size":117.99005126953125,"orthographic":false}